title,currency,amount
A Light in the Attic,£,51.77
Tipping the Velvet,£,51.77
Soumission,£,51.77
Sharp Objects,£,51.77
Sapiens: A Brief History of Humankind,£,51.77
The Requiem Red,£,51.77
The Dirty Little Secrets of Getting Your Dream Job,£,51.77
"The Coming Woman: A Novel Based on the Life of the Infamous Feminist, Victoria Woodhull",£,51.77
The Boys in the Boat: Nine Americans and Their Epic Quest for Gold at the 1936 Berlin Olympics,£,51.77
The Black Maria,£,51.77
"Starving Hearts (Triangular Trade Trilogy, #1)",£,51.77
Shakespeare's Sonnets,£,51.77
Set Me Free,£,51.77
Scott Pilgrim's Precious Little Life (Scott Pilgrim #1),£,51.77
Rip it Up and Start Again,£,51.77
"Our Band Could Be Your Life: Scenes from the American Indie Underground, 1981-1991",£,51.77
Olio,£,51.77
Mesaerion: The Best Science Fiction Stories 1800-1849,£,51.77
Libertarianism for Beginners,£,51.77
It's Only the Himalayas,£,51.77
