title,currency,amount,availabe
A Light in the Attic,£,51.77,"

    
        In stock
    
"
Tipping the Velvet,£,51.77,"

    
        In stock
    
"
Soumission,£,51.77,"

    
        In stock
    
"
Sharp Objects,£,51.77,"

    
        In stock
    
"
Sapiens: A Brief History of Humankind,£,51.77,"

    
        In stock
    
"
The Requiem Red,£,51.77,"

    
        In stock
    
"
The Dirty Little Secrets of Getting Your Dream Job,£,51.77,"

    
        In stock
    
"
"The Coming Woman: A Novel Based on the Life of the Infamous Feminist, Victoria Woodhull",£,51.77,"

    
        In stock
    
"
The Boys in the Boat: Nine Americans and Their Epic Quest for Gold at the 1936 Berlin Olympics,£,51.77,"

    
        In stock
    
"
The Black Maria,£,51.77,"

    
        In stock
    
"
"Starving Hearts (Triangular Trade Trilogy, #1)",£,51.77,"

    
        In stock
    
"
Shakespeare's Sonnets,£,51.77,"

    
        In stock
    
"
Set Me Free,£,51.77,"

    
        In stock
    
"
Scott Pilgrim's Precious Little Life (Scott Pilgrim #1),£,51.77,"

    
        In stock
    
"
Rip it Up and Start Again,£,51.77,"

    
        In stock
    
"
"Our Band Could Be Your Life: Scenes from the American Indie Underground, 1981-1991",£,51.77,"

    
        In stock
    
"
Olio,£,51.77,"

    
        In stock
    
"
Mesaerion: The Best Science Fiction Stories 1800-1849,£,51.77,"

    
        In stock
    
"
Libertarianism for Beginners,£,51.77,"

    
        In stock
    
"
It's Only the Himalayas,£,51.77,"

    
        In stock
    
"
